{"filename": "pyntcloud_plot", "camera_position": [3.9029970169067383, 0.0, 21.71251678466797], "look_at": [-3.024127721786499, -64.04847717285156, -0.9880399107933044], "point_size": 0.8456781005859375, "point_opacity": 0.9, "polylines_points": [], "polylines_colors": []}